start,delta_factor,rho,R,delta_0,gap,n_contractions,n_iter
warm,0.1,0.3,0.1,0.15553978397261528,5.521007657716126e-07,10,8000
warm,0.01,0.3,0.1,0.015553978397261527,6.480714969114842e-07,8,8000
warm,0.05,0.3,0.1,0.07776989198630764,1.0317473502219343e-06,9,8000
warm,0.1,0.5,0.1,0.15553978397261528,1.163107206769709e-06,16,8000
warm,0.5,0.5,0.1,0.7776989198630764,2.127778479632525e-06,18,8000
warm,0.05,0.7,0.1,0.07776989198630764,2.504744060383146e-06,27,8000
warm,0.01,0.5,0.1,0.015553978397261527,2.6142730944478387e-06,12,8000
warm,0.1,0.7,0.1,0.15553978397261528,2.634521481637009e-06,30,8000
warm,0.01,0.3,0.5,0.015553978397261527,2.844956865866166e-06,7,8000
warm,0.5,0.7,0.1,0.7776989198630764,3.0627963785168077e-06,34,8000
warm,0.5,0.3,0.1,0.7776989198630764,3.69039688541406e-06,11,8000
warm,0.05,0.3,0.5,0.07776989198630764,3.706917004242527e-06,8,8000
warm,0.01,0.5,0.5,0.015553978397261527,4.250538320427211e-06,11,8000
warm,0.01,0.7,0.1,0.015553978397261527,4.7522135231403695e-06,21,8000
warm,1.0,0.7,0.1,1.5553978397261528,4.986909357018732e-06,35,8000
warm,0.05,0.5,0.1,0.07776989198630764,5.5114313555204575e-06,13,8000
warm,0.01,0.3,1.0,0.015553978397261527,5.890601785907279e-06,6,8000
warm,0.05,0.5,0.5,0.07776989198630764,6.035758657318979e-06,13,8000
warm,0.5,0.8,0.1,0.7776989198630764,6.383702368051303e-06,51,8000
warm,0.5,0.5,0.5,0.7776989198630764,6.8873223877385925e-06,16,8000
warm,0.01,0.8,0.1,0.015553978397261527,7.842995447315815e-06,33,8000
warm,0.1,0.8,0.1,0.15553978397261528,7.940490320379467e-06,44,8000
warm,0.1,0.3,0.5,0.15553978397261528,8.151927808341952e-06,8,8000
warm,0.5,0.3,0.5,0.7776989198630764,8.958250236057452e-06,9,8000
warm,0.1,0.5,0.5,0.15553978397261528,9.08509939456792e-06,13,8000
warm,1.0,0.5,0.5,1.5553978397261528,9.091460299037735e-06,17,8000
warm,1.0,0.8,0.1,1.5553978397261528,9.347635978373958e-06,53,8000
warm,0.05,0.8,0.1,0.07776989198630764,9.955484853385599e-06,37,8000
warm,0.5,0.3,1.0,0.7776989198630764,1.0404379055639623e-05,9,8000
warm,0.05,0.3,1.0,0.07776989198630764,1.0768557824114566e-05,7,8000
warm,0.1,0.5,1.0,0.15553978397261528,1.1308753786520853e-05,13,8000
warm,0.5,0.9,0.1,0.7776989198630764,1.1480895356186238e-05,100,8000
warm,1.0,0.7,0.5,1.5553978397261528,1.306196021921835e-05,32,8000
warm,0.01,0.9,0.1,0.015553978397261527,1.3343599654103144e-05,63,8000
warm,0.5,0.5,1.0,0.7776989198630764,1.422753458046877e-05,15,8000
warm,1.0,0.5,1.0,1.5553978397261528,1.466040264630486e-05,16,8000
warm,0.05,0.9,0.1,0.07776989198630764,1.5168170143020632e-05,80,8000
warm,0.05,0.7,0.5,0.07776989198630764,1.5442722590464086e-05,23,8000
warm,1.0,0.9,0.1,1.5553978397261528,1.62454621153163e-05,108,8000
warm,0.1,0.9,0.1,0.15553978397261528,1.8513991134838648e-05,81,8000
warm,0.1,0.3,1.0,0.15553978397261528,1.8807905835194205e-05,7,8000
warm,0.05,0.5,1.0,0.07776989198630764,2.188355842358547e-05,11,8000
warm,0.01,0.5,1.0,0.015553978397261527,2.2713353162728822e-05,9,8000
warm,0.01,0.7,0.5,0.015553978397261527,2.4476696267816678e-05,18,8000
warm,0.5,0.8,0.5,0.7776989198630764,2.642046011147592e-05,43,8000
warm,1.0,0.3,1.0,1.5553978397261528,2.713623044048319e-05,9,8000
warm,0.01,0.3,5.0,0.015553978397261527,2.745180247831769e-05,5,8000
warm,0.1,0.7,0.5,0.15553978397261528,2.8162321599634055e-05,23,8000
warm,0.5,0.7,0.5,0.7776989198630764,3.1244848446299045e-05,28,8000
warm,0.05,0.7,1.0,0.07776989198630764,3.253522460600067e-05,20,8000
warm,0.05,0.8,0.5,0.07776989198630764,3.643124903396355e-05,33,8000
warm,0.5,0.3,5.0,0.7776989198630764,3.852204401910697e-05,8,8000
warm,0.01,0.8,0.5,0.015553978397261527,4.1677682784957426e-05,24,8000
warm,0.01,0.7,1.0,0.015553978397261527,4.3787433150477284e-05,15,8000
warm,0.1,0.7,1.0,0.15553978397261528,4.7703620319472506e-05,22,8000
warm,1.0,0.8,0.5,1.5553978397261528,4.777908257169727e-05,45,8000
warm,0.1,0.8,0.5,0.15553978397261528,4.9477291986343985e-05,35,8000
warm,0.5,0.5,5.0,0.7776989198630764,5.035538713027421e-05,13,8000
warm,1.0,0.7,1.0,1.5553978397261528,5.053572511193316e-05,27,8000
warm,1.0,0.5,5.0,1.5553978397261528,5.1534507689243725e-05,14,8000
warm,1.0,0.3,5.0,1.5553978397261528,5.3337252579499506e-05,8,8000
warm,0.1,0.3,5.0,0.15553978397261528,5.737502589520105e-05,6,8000
warm,1.0,0.8,1.0,1.5553978397261528,5.946717393179313e-05,43,8000
warm,0.05,0.9,0.5,0.07776989198630764,6.761071915217798e-05,63,8000
warm,0.1,0.9,0.5,0.15553978397261528,7.898509977399826e-05,68,8000
warm,0.1,0.8,1.0,0.15553978397261528,8.228101733198656e-05,32,8000
warm,0.5,0.7,1.0,0.7776989198630764,8.875094397020611e-05,25,8000
warm,0.05,0.8,1.0,0.07776989198630764,9.651812617583744e-05,29,8000
warm,0.5,0.8,1.0,0.7776989198630764,9.944370634906718e-05,38,8000
warm,0.5,0.9,0.5,0.7776989198630764,0.00010169330782994201,82,8000
warm,0.01,0.9,0.5,0.015553978397261527,0.00010581433915946015,45,8000
warm,0.5,0.3,10.0,0.7776989198630764,0.0001063922927340144,7,8000
warm,0.01,0.5,5.0,0.015553978397261527,0.00011337213798001677,6,8000
warm,0.1,0.5,5.0,0.15553978397261528,0.0001135309267490392,10,8000
warm,0.1,0.7,5.0,0.15553978397261528,0.00012295970618247942,18,8000
warm,0.05,0.3,5.0,0.07776989198630764,0.0001242607719884603,5,8000
warm,1.0,0.3,10.0,1.5553978397261528,0.00013097268377304516,7,8000
warm,1.0,0.9,1.0,1.5553978397261528,0.00013806741075539364,82,8000
warm,0.05,0.3,10.0,0.07776989198630764,0.00014590144585957532,5,8000
warm,0.01,0.8,1.0,0.015553978397261527,0.00015373035318066997,19,8000
warm,1.0,0.9,0.5,1.5553978397261528,0.00015510763485071521,87,8000
warm,0.05,0.9,1.0,0.07776989198630764,0.00016467087095040078,52,8000
warm,0.05,0.5,10.0,0.07776989198630764,0.0001734183327655181,8,8000
warm,0.01,0.3,10.0,0.015553978397261527,0.00019346819195265041,3,8000
warm,0.01,0.9,1.0,0.015553978397261527,0.00020262644693347376,39,8000
warm,0.1,0.3,10.0,0.15553978397261528,0.00021096514043694725,5,8000
warm,0.5,0.7,5.0,0.7776989198630764,0.00022470711557032175,22,8000
warm,1.0,0.5,10.0,1.5553978397261528,0.00022993254756764614,12,8000
warm,0.5,0.9,1.0,0.7776989198630764,0.0002775062890658653,74,8000
warm,0.1,0.9,1.0,0.15553978397261528,0.0002965213593755234,59,8000
warm,0.01,0.7,5.0,0.015553978397261527,0.00044516410041817167,9,8000
warm,0.05,0.8,5.0,0.07776989198630764,0.0004551934835403948,21,8000
warm,0.1,0.5,10.0,0.15553978397261528,0.0004566294658550074,8,8000
warm,0.5,0.5,10.0,0.7776989198630764,0.00046426305772606646,10,8000
warm,0.05,0.5,5.0,0.07776989198630764,0.0004977500190113116,7,8000
warm,1.0,0.7,5.0,1.5553978397261528,0.0005023333548248576,22,8000
warm,0.05,0.7,5.0,0.07776989198630764,0.0005715009256377357,13,8000
warm,1.0,0.8,5.0,1.5553978397261528,0.0006032997785372363,35,8000
warm,0.01,0.5,10.0,0.015553978397261527,0.0006238767010118274,4,8000
warm,0.01,0.8,5.0,0.015553978397261527,0.0007439166421274734,13,8000
warm,0.1,0.8,5.0,0.15553978397261528,0.000744350087437784,23,8000
warm,0.5,0.8,5.0,0.7776989198630764,0.0007580090082077717,30,8000
warm,0.01,0.8,10.0,0.015553978397261527,0.0007830390434175882,10,8000
warm,0.05,0.7,10.0,0.07776989198630764,0.0008947113274733187,11,8000
warm,1.0,0.7,10.0,1.5553978397261528,0.0009540614638225975,20,8000
warm,0.5,0.7,10.0,0.7776989198630764,0.0009781891170961288,17,8000
warm,0.01,0.7,10.0,0.015553978397261527,0.0011055444530152503,7,8000
warm,0.05,0.9,5.0,0.07776989198630764,0.0012036952311800242,34,8000
warm,1.0,0.9,5.0,1.5553978397261528,0.0012201947174705907,61,8000
warm,0.1,0.8,10.0,0.15553978397261528,0.0013965832609872386,19,8000
warm,0.05,0.8,10.0,0.07776989198630764,0.0014424561964432314,17,8000
warm,0.1,0.7,10.0,0.15553978397261528,0.0015715831208602538,12,8000
warm,0.01,0.9,5.0,0.015553978397261527,0.0016455536005715032,20,8000
warm,0.5,0.8,10.0,0.7776989198630764,0.0016998452015777321,27,8000
warm,0.1,0.9,5.0,0.15553978397261528,0.0020910464548589136,40,8000
warm,0.5,0.9,5.0,0.7776989198630764,0.002519674454187104,54,8000
warm,1.0,0.8,10.0,1.5553978397261528,0.002648054369655428,28,8000
warm,0.01,0.9,10.0,0.015553978397261527,0.0033060211953797047,13,8000
warm,0.1,0.9,10.0,0.15553978397261528,0.003942995558688933,33,8000
warm,1.0,0.9,10.0,1.5553978397261528,0.00415746050057586,54,8000
warm,0.5,0.9,10.0,0.7776989198630764,0.004396876944935846,46,8000
warm,0.05,0.9,10.0,0.07776989198630764,0.005287774585412741,25,8000
warm,1.0,0.3,0.5,1.5553978397261528,0.09195713302474262,6,8000
warm,1.0,0.5,0.1,1.5553978397261528,0.20102657314852013,11,8000
warm,1.0,0.3,0.1,1.5553978397261528,0.42236874936371605,11,8000
cold,0.01,0.3,0.1,0.04574394495906652,6.063767310493517e-07,9,8000
cold,0.05,0.3,0.1,0.22871972479533265,9.977273585093371e-07,10,8000
cold,0.01,0.5,0.1,0.04574394495906652,1.4876807812314041e-06,14,8000
cold,0.05,0.7,0.1,0.22871972479533265,1.8523610594289863e-06,31,8000
cold,0.1,0.5,0.1,0.4574394495906653,2.6671662880506375e-06,17,8000
cold,0.5,0.5,0.1,2.2871972479533262,2.680214010286619e-06,19,8000
cold,0.05,0.3,0.5,0.22871972479533265,2.9512153512101236e-06,9,8000
cold,0.1,0.7,0.1,0.4574394495906653,3.1745113584502604e-06,32,8000
cold,0.05,0.5,0.1,0.22871972479533265,3.2462009209588416e-06,15,8000
cold,0.5,0.7,0.1,2.2871972479533262,3.5241093272464497e-06,37,8000
cold,0.01,0.7,0.1,0.04574394495906652,3.782631774473799e-06,25,8000
cold,0.1,0.5,0.5,0.4574394495906653,3.8480306350230364e-06,16,8000
cold,0.5,0.5,0.5,2.2871972479533262,4.0544509878337465e-06,18,8000
cold,1.0,0.7,0.1,4.5743944959066525,4.80472676844812e-06,38,8000
cold,0.05,0.8,0.1,0.22871972479533265,4.818338581014103e-06,45,8000
cold,0.1,0.3,0.1,0.4574394495906653,5.587467391876544e-06,9,8000
cold,0.1,0.3,0.5,0.4574394495906653,5.937427713931243e-06,9,8000
cold,0.1,0.3,1.0,0.4574394495906653,5.993223010536397e-06,9,8000
cold,0.01,0.3,0.5,0.04574394495906652,6.572913965108285e-06,7,8000
cold,0.01,0.5,0.5,0.04574394495906652,7.264201200118947e-06,12,8000
cold,0.05,0.5,1.0,0.22871972479533265,7.838722610120641e-06,14,8000
cold,0.5,0.8,0.1,2.2871972479533262,7.843249445027567e-06,56,8000
cold,0.1,0.8,0.1,0.4574394495906653,8.565011658578925e-06,48,8000
cold,0.5,0.3,1.0,2.2871972479533262,9.29618970069157e-06,10,8000
cold,0.01,0.8,0.1,0.04574394495906652,9.899793468548523e-06,36,8000
cold,0.05,0.5,0.5,0.22871972479533265,1.0159961583600108e-05,14,8000
cold,1.0,0.8,0.1,4.5743944959066525,1.1034344761906567e-05,57,8000
cold,0.05,0.3,1.0,0.22871972479533265,1.1934819254655338e-05,8,8000
cold,0.1,0.7,0.5,0.4574394495906653,1.2044296576974034e-05,28,8000
cold,1.0,0.3,1.0,4.5743944959066525,1.239950903175746e-05,10,8000
cold,1.0,0.5,0.5,4.5743944959066525,1.3133395725173358e-05,18,8000
cold,0.01,0.5,1.0,0.04574394495906652,1.5461641677205762e-05,11,8000
cold,0.05,0.9,0.1,0.22871972479533265,1.5674238209140157e-05,89,8000
cold,0.5,0.5,1.0,2.2871972479533262,1.6850245992738877e-05,17,8000
cold,1.0,0.7,0.5,4.5743944959066525,1.759016806079927e-05,34,8000
cold,0.01,0.7,0.5,0.04574394495906652,1.837278816463339e-05,21,8000
cold,0.1,0.5,1.0,0.4574394495906653,1.8596805385628912e-05,14,8000
cold,0.1,0.9,0.1,0.4574394495906653,1.8729308284060053e-05,95,8000
cold,0.5,0.9,0.1,2.2871972479533262,1.948631541726087e-05,109,8000
cold,1.0,0.9,0.1,4.5743944959066525,1.994329821974894e-05,113,8000
cold,0.01,0.9,0.1,0.04574394495906652,2.0629744161393404e-05,72,8000
cold,0.1,0.8,0.5,0.4574394495906653,2.408884833826619e-05,42,8000
cold,0.1,0.7,1.0,0.4574394495906653,2.4139442261317257e-05,26,8000
cold,0.01,0.3,1.0,0.04574394495906652,2.4756201463027594e-05,6,8000
cold,0.05,0.3,5.0,0.22871972479533265,2.530638005282526e-05,7,8000
cold,0.5,0.8,0.5,2.2871972479533262,3.058040839842846e-05,48,8000
cold,1.0,0.7,1.0,4.5743944959066525,3.375300586472285e-05,32,8000
cold,0.05,0.7,0.5,0.22871972479533265,3.517580170298018e-05,24,8000
cold,0.05,0.8,0.5,0.22871972479533265,3.8047943168528775e-05,36,8000
cold,1.0,0.8,0.5,4.5743944959066525,4.694613354438992e-05,49,8000
cold,0.5,0.7,0.5,2.2871972479533262,5.565164444010229e-05,29,8000
cold,0.1,0.3,10.0,0.4574394495906653,5.6668739681464686e-05,7,8000
cold,1.0,0.3,5.0,4.5743944959066525,5.9506368749406846e-05,9,8000
cold,0.5,0.8,1.0,2.2871972479533262,6.045057752945837e-05,45,8000
cold,1.0,0.5,1.0,4.5743944959066525,6.231928892375116e-05,16,8000
cold,0.5,0.7,1.0,2.2871972479533262,6.417801961378089e-05,28,8000
cold,0.05,0.7,1.0,0.22871972479533265,6.439803677560363e-05,22,8000
cold,0.01,0.8,0.5,0.04574394495906652,6.570953217899245e-05,29,8000
cold,0.01,0.3,5.0,0.04574394495906652,6.82753922456314e-05,5,8000
cold,1.0,0.8,1.0,4.5743944959066525,6.94985160858419e-05,47,8000
cold,0.1,0.3,5.0,0.4574394495906653,7.365732937847369e-05,7,8000
cold,1.0,0.5,5.0,4.5743944959066525,7.60025155837063e-05,15,8000
cold,0.01,0.7,1.0,0.04574394495906652,8.723093780549362e-05,17,8000
cold,0.5,0.3,5.0,2.2871972479533262,9.218132202981622e-05,8,8000
cold,0.5,0.9,0.5,2.2871972479533262,9.467070912383413e-05,95,8000
cold,0.5,0.3,10.0,2.2871972479533262,9.743435794984379e-05,8,8000
cold,0.05,0.3,10.0,0.22871972479533265,9.91598702171359e-05,6,8000
cold,0.01,0.5,5.0,0.04574394495906652,0.00010139865667047054,8,8000
cold,1.0,0.9,0.5,4.5743944959066525,0.00010533860191230815,100,8000
cold,0.01,0.8,1.0,0.04574394495906652,0.00010648026758319773,27,8000
cold,0.05,0.9,0.5,0.22871972479533265,0.00010671031157349908,72,8000
cold,0.01,0.9,0.5,0.04574394495906652,0.00010998660115468795,55,8000
cold,0.05,0.5,5.0,0.22871972479533265,0.00012115414466817853,10,8000
cold,0.1,0.8,1.0,0.4574394495906653,0.00012383275383220926,36,8000
cold,0.05,0.8,1.0,0.22871972479533265,0.0001286101166806386,31,8000
cold,1.0,0.5,10.0,4.5743944959066525,0.00013663791502693812,14,8000
cold,0.1,0.5,5.0,0.4574394495906653,0.00014390394829577602,11,8000
cold,0.1,0.9,0.5,0.4574394495906653,0.0001448063233646657,76,8000
cold,1.0,0.7,5.0,4.5743944959066525,0.000151429162185579,27,8000
cold,0.01,0.9,1.0,0.04574394495906652,0.00016849503099192198,49,8000
cold,0.5,0.5,10.0,2.2871972479533262,0.00017821714934251887,13,8000
cold,0.5,0.9,1.0,2.2871972479533262,0.00017925498380177984,86,8000
cold,1.0,0.3,10.0,4.5743944959066525,0.0002020866425986867,8,8000
cold,0.01,0.5,10.0,0.04574394495906652,0.00021552829423621134,7,8000
cold,1.0,0.9,1.0,4.5743944959066525,0.00023718987374321543,91,8000
cold,0.5,0.7,5.0,2.2871972479533262,0.0002397624885048799,25,8000
cold,0.05,0.9,1.0,0.22871972479533265,0.0002451364029298908,60,8000
cold,0.1,0.5,10.0,0.4574394495906653,0.0002554511774905954,10,8000
cold,0.1,0.7,5.0,0.4574394495906653,0.000260027533199203,20,8000
cold,0.01,0.3,10.0,0.04574394495906652,0.00026567802364785287,4,8000
cold,0.01,0.7,5.0,0.04574394495906652,0.00027244613692012365,13,8000
cold,0.05,0.7,5.0,0.22871972479533265,0.0002830199449996851,17,8000
cold,0.05,0.5,10.0,0.22871972479533265,0.00029749059020911517,9,8000
cold,0.05,0.7,10.0,0.22871972479533265,0.00037775575969956066,16,8000
cold,1.0,0.8,5.0,4.5743944959066525,0.00038218996851480114,39,8000
cold,0.1,0.9,1.0,0.4574394495906653,0.0004141437596585362,66,8000
cold,0.1,0.8,5.0,0.4574394495906653,0.00044004406566289234,29,8000
cold,0.5,0.5,5.0,2.2871972479533262,0.0005281642039627332,12,8000
cold,0.1,0.7,10.0,0.4574394495906653,0.0005655653603500177,17,8000
cold,1.0,0.7,10.0,4.5743944959066525,0.0005746857898221158,24,8000
cold,0.05,0.8,5.0,0.22871972479533265,0.0006299716331261696,24,8000
cold,0.5,0.7,10.0,2.2871972479533262,0.0006847335370889773,21,8000
cold,0.01,0.8,5.0,0.04574394495906652,0.0007589545572019851,16,8000
cold,0.5,0.8,5.0,2.2871972479533262,0.000875587104199882,35,8000
cold,0.01,0.7,10.0,0.04574394495906652,0.0012817698281648582,9,8000
cold,0.01,0.9,5.0,0.04574394495906652,0.0014490097449528783,30,8000
cold,0.05,0.9,5.0,0.22871972479533265,0.001585327374794998,45,8000
cold,0.1,0.8,10.0,0.4574394495906653,0.0016380064080665502,23,8000
cold,1.0,0.9,5.0,4.5743944959066525,0.0017382566254178222,73,8000
cold,1.0,0.8,10.0,4.5743944959066525,0.0017448307240641725,34,8000
cold,0.5,0.8,10.0,2.2871972479533262,0.0018760955381238453,31,8000
cold,0.01,0.8,10.0,0.04574394495906652,0.0021312912812767593,12,8000
cold,0.05,0.8,10.0,0.22871972479533265,0.002165398109359895,20,8000
cold,0.5,0.9,5.0,2.2871972479533262,0.0023363880637932155,64,8000
cold,0.1,0.9,5.0,0.4574394495906653,0.0023411001091577788,49,8000
cold,0.01,0.9,10.0,0.04574394495906652,0.0030122452987477732,21,8000
cold,0.05,0.9,10.0,0.22871972479533265,0.003129405352645831,36,8000
cold,0.5,0.9,10.0,2.2871972479533262,0.0033937463318527428,58,8000
cold,1.0,0.9,10.0,4.5743944959066525,0.0038309891126373508,63,8000
cold,0.1,0.9,10.0,0.4574394495906653,0.0045424329058758595,42,8000
cold,0.5,0.3,0.5,2.2871972479533262,0.17706314772344323,6,8000
cold,1.0,0.3,0.5,4.5743944959066525,0.592755235133213,7,8000
cold,0.5,0.3,0.1,2.2871972479533262,0.6646952633154395,10,8000
cold,1.0,0.5,0.1,4.5743944959066525,0.7215037097179335,13,8000
cold,1.0,0.3,0.1,4.5743944959066525,0.8878159972873232,13,8000
