dataset,i_mid,gap,rho_per_iter,iters_per_decade
diabetes,1.4142135623730951,0.5910481262257413,0.9447876636398472,40.54198789456171
diabetes,2.449489742783178,0.5584149782755277,0.9525692052206903,47.38558891975894
diabetes,3.4641016151377544,0.5319289120392484,0.9578341057680624,53.44820273456931
diabetes,4.47213595499958,0.5094996537952918,0.9619323073217102,59.32785503009706
diabetes,5.477225575051661,0.4901041775549176,0.9653224845261457,65.2418797047933
diabetes,6.928203230275509,0.47310858235395625,0.969218851218504,73.6477492703485
diabetes,8.94427190999916,0.4444311915308959,0.9731200181628861,84.50518482932017
diabetes,10.954451150103322,0.4208597032088564,0.9761016163335108,95.19305464050674
diabetes,13.416407864998739,0.4009843366509929,0.9789093359895611,108.02017912153282
diabetes,16.431676725154983,0.3761445899528479,0.9813685313427962,122.4309058882982
diabetes,20.346989949375804,0.35550949384326175,0.9837824940091905,140.8270248592581
diabetes,25.37715508089904,0.3276020826678307,0.9859940280453209,163.2462368432122
diabetes,31.304951684997057,0.3052938647017802,0.9877480046961127,186.78186073701298
diabetes,39.242833740697165,0.2800536285536498,0.9894014889951042,216.10218986472418
diabetes,48.744230427815765,0.2544451871656255,0.9907687916174291,248.28177952605606
diabetes,60.149812967290266,0.23190890365854297,0.9919016750659864,283.17571042756276
diabetes,74.1215218408257,0.20864574411470876,0.9929099089792457,323.6083482125527
diabetes,91.45490692138941,0.1875241490854293,0.9940497757175469,385.8220667398262
diabetes,112.91589790636215,0.16642548706974417,0.9950874266622812,467.5603769856436
diabetes,139.19410907075056,0.14860325719333659,0.996057186384376,582.8433692903579
diabetes,172.06103568210904,0.1319947093800145,0.9966602219259119,688.2906098965909
diabetes,212.31109250343,0.11701809821049307,0.9971433616183822,804.895261941849
diabetes,262.5109521524769,0.10288336029047421,0.9975840605769695,951.9288839342504
diabetes,324.2221460665511,0.0898498210365242,0.9980690412290348,1191.3052277445215
diabetes,399.7999499749844,0.0787838076526625,0.9985155677879899,1550.0038570323861
diabetes,493.71651785209696,0.06954141977030813,0.9988117322525054,1936.614692227673
diabetes,609.6498995325104,0.06137976629938669,0.9989790775752863,2254.2452362760987
diabetes,752.3111058598032,0.05385716340186904,0.9990599562874137,2448.2932306412513
diabetes,928.3943127787891,0.04637674613691911,0.9991067638982656,2576.649733808731
diabetes,1145.6277755012752,0.03896014864834985,0.9992557790150589,3092.8020267891466
diabetes,1413.722037742922,0.03253676773817,0.9993778054655921,3699.596450085935
diabetes,1744.322217940252,0.027045522806143613,0.9994736940425409,4373.8420116252755
diabetes,2153.0666501527535,0.02228223887795239,0.9994965335596186,4572.311523763025
diabetes,2657.2888439159187,0.017728235160308945,0.9995458000255014,5068.388959942942
diabetes,3278.899815486896,0.013746012868158918,0.9995604017530878,5236.7791862009
diabetes,4046.083291283065,0.010148839143407274,0.9995625897106701,5262.979690291888
diabetes,4993.372107103575,0.006987806677388297,0.9996194245005873,6049.120122061514
diabetes,6161.916503816,0.004681998728958344,0.9996668639547212,6910.694796543447
diabetes,7603.927603548051,0.003038130833899372,0.999758569976479,9536.126003076926
diabetes,9383.577569349549,0.0020635439624798776,0.9998421062142601,14581.975443058438
diabetes,11579.460781918991,0.0015102032041325764,0.9998962886242136,22200.70528752057
diabetes,14289.410834600565,0.001172665133929649,0.9999319635946771,33842.27534318714
diabetes,17633.488367308382,0.0009554378756621111,0.9999579127559619,54708.6579449073
diabetes,21759.621687887866,0.0008171759478536716,0.9999562027140364,52572.54230435229
diabetes,26851.938254062778,0.0006685313387288936,0.9999495814506104,45668.25253567767
diabetes,33135.71579127271,0.0005026320293254822,0.9999458505002267,42521.588567834944
diabetes,40889.79343308058,0.00034442784095397493,0.999959692401922,57124.18493373342
diabetes,50458.84876808031,0.000243390697457579,0.9999600592920971,57648.93088137649
diabetes,62267.05396917378,0.00015918861493512444,0.9999555087949963,51752.562557682846
diabetes,76838.42586883206,8.880879055824549e-05,0.9999614987934072,59804.379403267536
diabetes,94819.50309403651,4.7620084194418284e-05,0.9999587596303342,55832.12836346537
diabetes,117008.21928394603,2.089484503202196e-05,0.9999593881946602,56696.281225261366
diabetes,144389.75746222446,7.678634731069137e-06,0.9999595464195987,56918.04028059934
diabetes,178178.8399445905,2.2432827751100428e-06,0.9999588255265404,55921.48472916024
diabetes,219875.16670147178,4.782721477315589e-07,0.9999589571861003,56100.876660432485
diabetes,271329.04315424844,7.145578070050548e-08,0.9999583115373407,55231.99825963015
diabetes,334823.3359220949,6.594262734494388e-09,0.9999586400644821,55670.72207555994
diabetes,413175.88397920807,3.566142285909946e-10,0.9999583719144882,55312.10811761617
diabetes,509864.0315103626,9.519213725714282e-12,0.9999575837634059,54284.31289620426
diabetes,629178.0339872014,1e-13,1.0,-inf
diabetes,776413.0192255924,1e-13,1.0,-inf
diabetes,958102.9701201223,1e-13,1.0,-inf
diabetes,1182310.6534143216,1e-13,1.0,-inf
diabetes,1458985.6851902283,1e-13,1.0,-inf
diabetes,1800405.5098782608,1e-13,1.0,-inf
california,1.4142135623730951,0.37427244416350725,0.7932460365164555,9.941139587064551
california,2.449489742783178,0.2968901329100285,0.9056277599009848,23.228656051359753
california,3.4641016151377544,0.26887194600401476,0.9332540590028604,33.333208311465285
california,4.898979485566356,0.2509258349602447,0.947862942706009,43.00251208483486
california,6.48074069840786,0.22544285055027152,0.9576613902640582,53.225402033098106
california,7.937253933193772,0.21589791368306532,0.9648498834378141,64.3490238163977
california,9.9498743710662,0.2009869885192787,0.9718733276446562,80.7080575574236
california,11.958260743101398,0.1898398009274869,0.976685368859095,97.60555860020237
california,14.422205101855956,0.1810909026635731,0.9806566972914924,117.88280568583626
california,17.88854381999832,0.17078417630588708,0.9841601367067321,144.2121188505494
california,21.908902300206645,0.16021777988470695,0.98663089285913,171.0779028555927
california,26.832815729997478,0.1518201962316377,0.9885591939554285,200.10723971621667
california,32.863353450309965,0.14169209634542546,0.9901032301931858,231.50706470132104
california,39.7994974842648,0.13348377802817116,0.9913426778822442,264.81670744989873
california,48.744230427815765,0.12451420952299896,0.9924872723861907,305.33848592674025
california,60.149812967290266,0.11546979021320032,0.9935368294128976,355.1099294876383
california,73.66817494685205,0.1061353349059365,0.9944332741855999,412.4812819738671
california,90.0,0.09815649917709979,0.9952275460809055,481.3218232134919
california,110.45361017187261,0.08962815001768079,0.9959677033871303,569.8835761305647
california,134.82581355215328,0.08200494773138371,0.9966225768021347,680.6060015789876
california,164.6754383628597,0.07484616062851615,0.9972180527872592,826.5364491042624
california,201.00746254803576,0.06827219773301313,0.9977292942171715,1012.887655131159
california,245.7315608545227,0.06233799508897667,0.9981554850023732,1247.1901102210113
california,300.5062395358872,0.056841131080526845,0.9984838526395152,1517.5563948403121
california,367.14030015785517,0.05189499395387589,0.9987383041155198,1823.8406216477877
california,448.74937325861526,0.04726631500440963,0.9989379155506137,2166.835328255739
california,548.2481190118211,0.04295527628237969,0.9990960456366459,2546.0845298308054
california,669.6566284298244,0.03888775962684582,0.9992216844928687,2957.269753435696
california,817.8997493580738,0.03503489807569145,0.9993253694353038,3411.9537847055426
california,999.4598541212148,0.03136422470715891,0.9994103559615221,3903.89120089494
california,1221.372179149337,0.027857841690269194,0.9994822222679032,4445.901755126368
california,1492.0288200969846,0.024538077588041433,0.9995531806809241,5152.128694180656
california,1822.837074452898,0.021468725875505457,0.9996165364007251,6003.551811288103
california,2227.3145265094468,0.018657023537702624,0.9996764105112448,7114.6084985282205
california,2720.888457838726,0.016144101700028567,0.99973258815035,8609.480892545487
california,3323.81076476986,0.013954413182205262,0.9997855528670307,10736.157489749256
california,4061.1064994653857,0.012094420597863835,0.9998267380362684,13288.465410635814
california,4961.62029986173,0.010501556704647237,0.9998616004412045,16636.07724603059
california,6061.58395141072,0.00915048069194358,0.9998892097876613,20782.13851286296
california,7405.369673419416,0.007997092602299442,0.9999112188360314,25934.362374473625
california,9047.098982546837,0.007009260263713967,0.9999219909495554,29515.745512400765
california,11052.601503718479,0.006083865215733058,0.9999333205600324,34531.00874446978
california,13502.28069623795,0.00524813961493101,0.9999490967529704,45233.39123393405
california,16495.735570140543,0.00457233563063398,0.9999643690301949,64621.987099332444
california,20152.917282616927,0.004063802751861536,0.9999730552158131,85454.53752970883
california,24620.51126601558,0.0036444551976787154,0.999979758530444,113754.67491072787
california,30078.1679129564,0.0032977931434669846,0.9999824990960956,131568.343946865
california,36745.68920295277,0.0029674028953442606,0.9999835092477698,139627.71831867093
california,44891.822028070994,0.0026278060018013806,0.9999855738445342,159610.68003831018
california,54843.454869291374,0.0023077089536781463,0.9999870266548112,177484.69059738598
california,67000.94482915894,0.0020008267859007137,0.9999856748369299,160735.9434049347
california,81853.94607470064,0.001650465827772097,0.999986105703609,165720.4533258453
california,99999.45108349345,0.0013138389126057535,0.9999904444479992,240967.14575510635
california,122167.26811630029,0.0010847030390754553,0.9999882339277718,195695.85347769316
california,149248.96610697175,0.0008130296136398817,0.9999897540273007,224729.59517303697
california,182334.00618644894,0.0005982886094515247,0.9999937394661592,367792.5786903559
california,222753.76180212985,0.00047586351663192564,0.9999937226309863,366806.1987228005
california,272133.6302113357,0.00035948859967879527,0.9999961475028809,597685.2380310592
california,332459.56627535925,0.00029131833960253337,0.9999963653439274,633507.2321760132
california,406158.4346655871,0.00022862076476576286,0.9999957647279344,543667.604178119
california,496194.3932825118,0.000161913594223815,0.9999964274790714,644525.5397988444
california,606189.1964873673,0.00011347008071764634,0.999996890438158,740484.232171487
california,740567.723998285,7.77491336559524e-05,0.9999965062685472,659060.692496525
california,904735.320411445,4.6273505255874474e-05,0.9999966304811047,683356.0769966084
